products,keywords
laptop,lightweight
laptop,portable
laptop,gaming
laptop,battery life
laptop,touchscreen
laptop,SSD
laptop,fast
phone,5G
phone,camera
phone,dual sim
phone,storage
phone,waterproof
phone,battery
vacuum cleaner,cordless
vacuum cleaner,quiet
vacuum cleaner,bagless
vacuum cleaner,pets
vacuum cleaner,lightweight
vacuum cleaner,HEPA filter
smartwatch,GPS
smartwatch,heart rate
smartwatch,fitness tracking
smartwatch,waterproof
smartwatch,sleep monitor
smartwatch,step counter
food processor,chopping
food processor,shredding
food processor,knead
food processor,6-cup
food processor,9-cup
food processor,attachments
tablet,stylus
tablet,portable
tablet,reading
tablet,split screen
tablet,USB-C
camera,DSLR
camera,mirrorless
camera,zoom
camera,low light
camera,compact
camera,waterproof
laptop,gaming
laptop,ultrabook
laptop,lightweight
laptop,touchscreen
laptop,i5
laptop,i7
laptop,SSD
laptop,HDD
laptop,backlit keyboard
laptop,long battery
laptop,high performance
laptop,budget
laptop,convertible
laptop,2-in-1
laptop,thin bezel
Mobile Phone,android
Mobile Phone,iOS
Mobile Phone,5G
Mobile Phone,dual sim
Mobile Phone,high resolution camera
Mobile Phone,wireless charging
Mobile Phone,fast charging
Mobile Phone,AMOLED display
Mobile Phone,face unlock
Mobile Phone,fingerprint sensor
Mobile Phone,waterproof
Mobile Phone,budget phone
Mobile Phone,flagship
Dishwasher,freestanding
Dishwasher,built-in
Dishwasher,compact
Dishwasher,stainless steel
Dishwasher,energy efficient
Dishwasher,quiet operation
Dishwasher,quick wash
Dishwasher,adjustable racks
Dishwasher,child lock
Dishwasher,smart dishwasher
Vacuum Cleaner,robotic
Vacuum Cleaner,pet hair
Vacuum Cleaner,lightweight
Vacuum Cleaner,HEPA filter
Vacuum Cleaner,powerful suction
Vacuum Cleaner,quiet
Vacuum Cleaner,multi-surface
Vacuum Cleaner,rechargeable
Air Fryer,compact
Air Fryer,large capacity
Air Fryer,digital display
Air Fryer,non-stick
Air Fryer,temperature control
Air Fryer,timer
Air Fryer,oil free
Air Fryer,easy to clean
Air Fryer,multi-function
Air Fryer,rapid air technology
Smartwatch,fitness tracking
Smartwatch,heart rate monitor
Smartwatch,GPS
Smartwatch,sleep tracking
Smartwatch,water resistant
Smartwatch,notification alerts
Smartwatch,AMOLED display
Smartwatch,step counter
Smartwatch,Bluetooth
Smartwatch,long battery life
Headphones,noise cancelling
Headphones,wireless
Headphones,bluetooth
Headphones,over-ear
Headphones,in-ear
Headphones,bass boost
Headphones,mic included
Headphones,gaming headset
Headphones,foldable
Headphones,sweat resistant
Refrigerator,double door
Refrigerator,single door
Refrigerator,frost free
Refrigerator,inverter
Refrigerator,energy star rated
Refrigerator,large capacity
Refrigerator,smart fridge
Refrigerator,ice maker
Refrigerator,multi-airflow
Refrigerator,temperature control
Washing Machine,front load
Washing Machine,top load
Washing Machine,semi-automatic
Washing Machine,fully automatic
Washing Machine,inverter motor
Washing Machine,quick wash
Washing Machine,child lock
Washing Machine,smart control
Washing Machine,energy efficient
Washing Machine,stainless steel drum
food processor,multi-speed food processor
food processor,slicing and shredding blades
food processor,dough kneading attachment
food processor,pulse function food processor
food processor,large capacity food processor
food processor,BPA-free bowl
food processor,dishwasher-safe parts
food processor,stainless steel blades
food processor,compact food processor
food processor,food processor with safety lock
clothes dryer,energy-efficient clothes dryer
clothes dryer,sensor drying technology
clothes dryer,wrinkle prevention mode
clothes dryer,quick dry cycle
clothes dryer,ventless dryer option
clothes dryer,front load electric dryer
clothes dryer,high-capacity drum
clothes dryer,noise reduction dryer
clothes dryer,steam drying function
clothes dryer,smart dryer with app control
Washer,front load washer
Washer,top load washing machine
Washer,eco-friendly washer
Washer,steam wash cycle
Washer,high-efficiency washing machine
Washer,built-in water heater washer
Washer,delay start feature
Washer,quick wash mode
Washer,large capacity washer
Washer,smart washer with Wi-Fi
hair dryer,ionic hair dryer
hair dryer,ceramic tourmaline technology
hair dryer,cool shot button
hair dryer,foldable travel hair dryer
hair dryer,diffuser attachment
hair dryer,multiple heat/speed settings
hair dryer,lightweight hair dryer
hair dryer,salon-grade hair dryer
hair dryer,quiet motor dryer
hair dryer,professional blow dryer
toaster,2-slice toaster
toaster,4-slice toaster
toaster,wide slot toaster
toaster,bagel setting toaster
toaster,defrost mode
toaster,browning control toaster
toaster,crumb tray
toaster,stainless steel toaster
toaster,compact toaster for small kitchens
toaster,retro design toaster
Instant Pot (Pressure Cooker),7-in-1 instant pot
Instant Pot (Pressure Cooker),pressure cook / slow cook / sautÃ©
Instant Pot (Pressure Cooker),rice cooker feature
Instant Pot (Pressure Cooker),yogurt maker
Instant Pot (Pressure Cooker),stainless steel inner pot
Instant Pot (Pressure Cooker),delay start cooking
Instant Pot (Pressure Cooker),keep warm function
Instant Pot (Pressure Cooker),smart instant pot with app
Instant Pot (Pressure Cooker),programmable settings
Instant Pot (Pressure Cooker),easy-to-clean pressure cooker
electric cooker,style
electric cooker,instant pot